step,epoch,train_loss1,train_loss2
49,0,0.014265521429479122,0.014214984141290188
