train_loss,step,epoch,val_acc2,val_acc1,test_acc,train_acc1,train_acc2
0.432448148727417,49,0,,,,,
0.41281065344810486,99,0,,,,,
0.3589850068092346,149,0,,,,,
0.36291763186454773,199,0,,,,,
0.36197546124458313,249,0,,,,,
0.3344624936580658,299,0,,,,,
,311,0,0.27059999108314514,0.27730000019073486,,,
,311,0,,,0.2870999872684479,0.19736579060554504,0.1970653086900711
