train_loss,step,epoch
1.9181545972824097,49,0
1.8358149528503418,99,0
1.7123420238494873,149,0
