train_loss,epoch,step,val_acc2,val_acc1,train_acc1,test_acc,train_acc2
0.4459711015224457,0,49,,,,,
0.41613245010375977,0,99,,,,,
0.3547731041908264,0,149,,,,,
0.3403831422328949,0,199,,,,,
0.37228599190711975,0,249,,,,,
0.42717432975769043,0,299,,,,,
,0,311,0.1851000040769577,0.24250000715255737,,,
,0,311,,,0.19721554219722748,0.2526000142097473,0.19370993971824646
